packet_loss,seed,nodes,lookups,successes,success_rate
0.0,1,25,100,100,1.0
0.0,2,25,100,100,1.0
0.0,3,25,100,100,1.0
0.0,4,25,100,100,1.0
0.0,5,25,100,100,1.0
0.05,1,25,100,100,1.0
0.05,2,25,100,100,1.0
0.05,3,25,100,100,1.0
0.05,4,25,100,100,1.0
0.05,5,25,100,100,1.0
0.1,1,25,100,100,1.0
0.1,2,25,100,100,1.0
0.1,3,25,100,100,1.0
0.1,4,25,100,100,1.0
0.1,5,25,100,100,1.0
0.15,1,25,100,100,1.0
0.15,2,25,100,100,1.0
0.15,3,25,100,100,1.0
0.15,4,25,100,100,1.0
0.15,5,25,100,100,1.0
0.2,1,25,100,100,1.0
0.2,2,25,100,95,0.95
0.2,3,25,100,100,1.0
0.2,4,25,100,100,1.0
0.2,5,25,100,100,1.0
0.25,1,25,100,100,1.0
0.25,2,25,100,96,0.96
0.25,3,25,100,100,1.0
0.25,4,25,100,100,1.0
0.25,5,25,100,100,1.0
0.3,1,25,100,96,0.96
0.3,2,25,100,96,0.96
0.3,3,25,100,95,0.95
0.3,4,25,100,100,1.0
0.3,5,25,100,92,0.92
0.35,1,25,100,92,0.92
0.35,2,25,100,96,0.96
0.35,3,25,100,96,0.96
0.35,4,25,100,100,1.0
0.35,5,25,100,96,0.96
0.4,1,25,100,92,0.92
0.4,2,25,100,86,0.86
0.4,3,25,100,87,0.87
0.4,4,25,100,83,0.83
0.4,5,25,100,96,0.96
0.45,1,25,100,96,0.96
0.45,2,25,100,91,0.91
0.45,3,25,100,92,0.92
0.45,4,25,100,90,0.9
0.45,5,25,100,92,0.92
0.5,1,25,100,88,0.88
0.5,2,25,100,89,0.89
0.5,3,25,100,80,0.8
0.5,4,25,100,87,0.87
0.5,5,25,100,92,0.92
