packet_loss,seeds,mean_success_rate,variance,stddev
0.0,5,1.0,0.0,0.0
0.05,5,1.0,0.0,0.0
0.1,5,1.0,0.0,0.0
0.15,5,1.0,0.0,0.0
0.2,5,0.99,0.0005000000000000009,0.022360679774997918
0.25,5,0.992,0.00032000000000000057,0.017888543819998333
0.3,5,0.958,0.0008199999999999993,0.028635642126552695
0.35,5,0.96,0.0007999999999999992,0.028284271247461888
0.4,5,0.888,0.002670000000000001,0.05167204273105526
0.45,5,0.922,0.0005199999999999988,0.022803508501982733
0.5,5,0.872,0.0019699999999999995,0.04438468204234429
